run_id,exp,dataset,model,seed,epochs,imgsz,batch,mAP50,mAP50_95,precision,recall,fitness,n_val_expected,timestamp,host,torch,script,train_hours,added_instances,paste_attempted,mean_sim,ms_mean,fps,power_w,ms_p95,j_per_frame,ms_spread,idle_w,power_marginal_w,j_marginal
E0_visdrone_s7,E0,visdrone,yolov8n.pt,7,200,640,64.0,0.3295134166178308,0.1850890080670522,0.4602652415126528,0.351725786023088,0.1850890080670522,548.0,2026-08-14T15:02:00,gonenwsortak,2.13.0+cu130,train_e0.py,,,,,4.983132412482519,200.6769873293043,58.03958,6.136549005168488,0.2892189123048721,0.2347571086138487,37.3275,20.71208,0.1032110371779308
E0_visdrone_s11,E0,visdrone,yolov8n.pt,11,200,640,64.0,0.3308080515391035,0.1871076312693979,0.4579430770237458,0.3523212516317074,0.1871076312693979,548.0,2026-08-14T16:32:11,gonenwsortak,2.13.0+cu130,train_e0.py,,,,,4.964144946308807,201.444561110886,56.42524,5.867459651199168,0.2801030699902614,0.030576073389966,37.3275,19.097739999999995,0.0948039495069195
E0_visdrone_s42,E0,visdrone,yolov8n.pt,42,200,640,64.0,0.3335690788678281,0.1865563540301554,0.4722536335918441,0.3473490134949134,0.1865563540301554,548.0,2026-08-14T15:01:15,gonenwsortak,2.13.0+cu130,train_e0.py,,,,,4.956491755438037,201.7556064534649,57.73137999999999,5.873696829075924,0.2861451090000603,0.2470536478795111,37.3275,20.403879999999987,0.1011316629989469
E0_visdrone_s55,E0,visdrone,yolov8n.pt,55,200,640,64.0,0.3362515330698163,0.1899552491810997,0.4729911739888208,0.3585114232394931,0.1899552491810997,548.0,2026-08-14T18:23:52,gonenwsortak,2.13.0+cu130,train_e0.py,,,,,4.936111524468288,202.5886155616629,57.72042,5.8618601760827,0.2849144303591499,0.2124727959744632,37.3275,20.392920000000004,0.1006617274295598
E0_visdrone_s101,E0,visdrone,yolov8n.pt,101,200,640,64.0,0.3308432489498425,0.1862511237596855,0.4720586660513788,0.3464970239837256,0.1862511237596855,548.0,2026-08-14T19:50:16,gonenwsortak,2.13.0+cu130,train_e0.py,,,,,4.9812815394834615,200.751551999949,55.74661,6.057422369485718,0.2776895592817842,0.0471917279646731,37.3275,18.419110000000003,0.0917507726167152
E0_visdrone_s123,E0,visdrone,yolov8n.pt,123,200,640,64.0,0.3331846024479006,0.1871670728703688,0.4721001205074961,0.3509216319755515,0.1871670728703688,548.0,2026-08-14T15:01:30,gonenwsortak,2.13.0+cu130,train_e0.py,,,,,5.068740215850994,197.28768045219485,56.63964000000001,6.816500911372713,0.2870916210793226,0.2300081893336027,37.3275,19.312140000000007,0.0978882206721446
E0_visdrone_s777,E0,visdrone,yolov8n.pt,777,200,640,64.0,0.328013356097609,0.1853616520397604,0.4606636545067731,0.3485789098776873,0.1853616520397604,548.0,2026-08-14T21:21:03,gonenwsortak,2.13.0+cu130,train_e0.py,,,,,4.963376816303935,201.4757365822302,58.35985999999998,6.03767755674198,0.2896619761267432,0.1541169697302393,37.3275,21.032359999999983,0.1043915280161581
E0_visdrone_s2024,E0,visdrone,yolov8n.pt,2024,200,640,64.0,0.3290230090639733,0.1847249766800067,0.4539434235474623,0.3496173142378507,0.1847249766800067,548.0,2026-08-14T15:01:45,gonenwsortak,2.13.0+cu130,train_e0.py,,,,,4.8971424114424735,204.20071870146936,57.55236000000001,5.591065727639942,0.2818421030346054,0.0364287443226203,37.3275,20.224860000000007,0.0990440196714864
E0_visdrone_s3407,E0,visdrone,yolov8n.pt,3407,200,640,64.0,0.3284487693666538,0.1852239021974785,0.4573854895162118,0.348357134884079,0.1852239021974785,548.0,2026-08-14T15:02:16,gonenwsortak,2.13.0+cu130,train_e0.py,,,,,5.074068060144782,197.0805255559513,57.28292999999999,6.988060861476695,0.2906574855045092,0.1488446830771863,37.3275,19.95543,0.1012552099894549
E0_visdrone_s12345,E0,visdrone,yolov8n.pt,12345,200,640,64.0,0.3299091515153748,0.185431874332648,0.4640976011807004,0.3459681859555334,0.185431874332648,548.0,2026-08-14T23:03:40,gonenwsortak,2.13.0+cu130,train_e0.py,,,,,4.968642740335781,201.26220625241007,57.06128,6.101937359198926,0.2835171146262673,0.0846769469208084,37.3275,19.733780000000003,0.0980501027363834
E1_visdrone_s42,E1,visdrone,yolov8n_ft,42,20,640,64.0,0.3307024844296579,0.1844878951593365,0.4513860667970683,0.3557830516657886,0.1844878951593365,,2026-08-16T04:30:41,gonenwsortak,2.13.0+cu130,train_treatments.py,0.203,,,,,,,,,,,,
E1_visdrone_s123,E1,visdrone,yolov8n_ft,123,20,640,64.0,0.326847432060426,0.1836011986002685,0.4617750547435227,0.3495771354853619,0.1836011986002685,,2026-08-16T05:15:31,gonenwsortak,2.13.0+cu130,train_treatments.py,0.203,,,,,,,,,,,,
E1_visdrone_s2024,E1,visdrone,yolov8n_ft,2024,20,640,64.0,0.3254084308453955,0.1819119771100574,0.4558970701812048,0.3475967577079046,0.1819119771100574,,2026-08-16T05:27:51,gonenwsortak,2.13.0+cu130,train_treatments.py,0.201,,,,,,,,,,,,
E1_visdrone_s7,E1,visdrone,yolov8n_ft,7,20,640,64.0,0.3266377846104947,0.183436603801495,0.4532054558176147,0.3473788858693144,0.183436603801495,,2026-08-16T05:40:10,gonenwsortak,2.13.0+cu130,train_treatments.py,0.201,,,,,,,,,,,,
E1_visdrone_s3407,E1,visdrone,yolov8n_ft,3407,20,640,64.0,0.3232079312167263,0.1821635336672908,0.4560826018742435,0.3406032765162542,0.1821635336672908,,2026-08-16T05:52:31,gonenwsortak,2.13.0+cu130,train_treatments.py,0.202,,,,,,,,,,,,
E1_visdrone_s11,E1,visdrone,yolov8n_ft,11,20,640,64.0,0.3276676080554889,0.1855706887417385,0.4593866842590273,0.3508530456353492,0.1855706887417385,,2026-08-16T06:04:50,gonenwsortak,2.13.0+cu130,train_treatments.py,0.201,,,,,,,,,,,,
E1_visdrone_s55,E1,visdrone,yolov8n_ft,55,20,640,64.0,0.3312065688079855,0.1870631961100272,0.4745695737827035,0.351668508399508,0.1870631961100272,,2026-08-16T06:17:13,gonenwsortak,2.13.0+cu130,train_treatments.py,0.202,,,,,,,,,,,,
E1_visdrone_s101,E1,visdrone,yolov8n_ft,101,20,640,64.0,0.3277775623522881,0.1840438969932713,0.45932941299892,0.3488331014538903,0.1840438969932713,,2026-08-16T06:29:33,gonenwsortak,2.13.0+cu130,train_treatments.py,0.202,,,,,,,,,,,,
E1_visdrone_s777,E1,visdrone,yolov8n_ft,777,20,640,64.0,0.3254284169291988,0.1839842436918242,0.4494999301143598,0.3472798664790435,0.1839842436918242,,2026-08-16T06:41:54,gonenwsortak,2.13.0+cu130,train_treatments.py,0.202,,,,,,,,,,,,
E1_visdrone_s12345,E1,visdrone,yolov8n_ft,12345,20,640,64.0,0.3257211665182605,0.1824473723900045,0.4582354573537042,0.3472409708417904,0.1824473723900045,,2026-08-16T06:54:08,gonenwsortak,2.13.0+cu130,train_treatments.py,0.2,,,,,,,,,,,,
E2_visdrone_s42,E2,visdrone,yolov8n_ft,42,20,640,64.0,0.3300404219080203,0.1842245628310202,0.4536907920377525,0.3527319514968402,0.1842245628310202,,2026-08-16T07:06:24,gonenwsortak,2.13.0+cu130,train_treatments.py,0.2,2088.0,0.0,,,,,,,,,,
E2_visdrone_s123,E2,visdrone,yolov8n_ft,123,20,640,64.0,0.3264909291692832,0.1835101820788276,0.4589709814022205,0.3504675140726949,0.1835101820788276,,2026-08-16T07:18:39,gonenwsortak,2.13.0+cu130,train_treatments.py,0.2,2055.0,0.0,,,,,,,,,,
E2_visdrone_s2024,E2,visdrone,yolov8n_ft,2024,20,640,64.0,0.3247588994804534,0.1822259994056032,0.4616006513952399,0.3436001369335736,0.1822259994056032,,2026-08-16T07:30:54,gonenwsortak,2.13.0+cu130,train_treatments.py,0.2,2233.0,0.0,,,,,,,,,,
E2_visdrone_s7,E2,visdrone,yolov8n_ft,7,20,640,64.0,0.3265601227084002,0.1834293358220192,0.449892700155398,0.3494341823230599,0.1834293358220192,,2026-08-16T07:43:10,gonenwsortak,2.13.0+cu130,train_treatments.py,0.2,2325.0,0.0,,,,,,,,,,
E2_visdrone_s3407,E2,visdrone,yolov8n_ft,3407,20,640,64.0,0.323460091909108,0.1822690606739485,0.4504011764294042,0.3443769129108597,0.1822690606739485,,2026-08-16T07:55:26,gonenwsortak,2.13.0+cu130,train_treatments.py,0.2,2258.0,0.0,,,,,,,,,,
E2_visdrone_s11,E2,visdrone,yolov8n_ft,11,20,640,64.0,0.327369051318247,0.1851764881413567,0.4602574355990496,0.3507964495197659,0.1851764881413567,,2026-08-16T08:07:42,gonenwsortak,2.13.0+cu130,train_treatments.py,0.2,2220.0,0.0,,,,,,,,,,
E2_visdrone_s55,E2,visdrone,yolov8n_ft,55,20,640,64.0,0.3310602621614987,0.1868888292624049,0.4748929014592545,0.3497696046439084,0.1868888292624049,,2026-08-16T08:19:57,gonenwsortak,2.13.0+cu130,train_treatments.py,0.2,2358.0,0.0,,,,,,,,,,
E2_visdrone_s101,E2,visdrone,yolov8n_ft,101,20,640,64.0,0.3275614248748776,0.1839916423263629,0.458916194424502,0.3484029134992386,0.1839916423263629,,2026-08-16T08:32:13,gonenwsortak,2.13.0+cu130,train_treatments.py,0.2,2110.0,0.0,,,,,,,,,,
E2_visdrone_s777,E2,visdrone,yolov8n_ft,777,20,640,64.0,0.3258211041848778,0.1840173676229037,0.4540494657478469,0.3453840490707207,0.1840173676229037,,2026-08-16T08:44:28,gonenwsortak,2.13.0+cu130,train_treatments.py,0.2,2106.0,0.0,,,,,,,,,,
E2_visdrone_s12345,E2,visdrone,yolov8n_ft,12345,20,640,64.0,0.3243597075281245,0.1818717806895935,0.457469082874902,0.3472169332767232,0.1818717806895935,,2026-08-16T08:56:44,gonenwsortak,2.13.0+cu130,train_treatments.py,0.2,2242.0,0.0,,,,,,,,,,
E3_visdrone_s42,E3,visdrone,yolov8n_ft,42,20,640,64.0,0.3302386332290895,0.1849258485914744,0.4598113792067323,0.3521516757026957,0.1849258485914744,,2026-08-16T09:09:02,gonenwsortak,2.13.0+cu130,train_treatments.py,0.201,8815.0,30116.0,0.7133758042931083,,,,,,,,,
E3_visdrone_s123,E3,visdrone,yolov8n_ft,123,20,640,64.0,0.328313533466875,0.1848562044411056,0.4548620241976244,0.3554808694077611,0.1848562044411056,,2026-08-16T09:21:21,gonenwsortak,2.13.0+cu130,train_treatments.py,0.201,8902.0,30123.0,0.7143130142804988,,,,,,,,,
E3_visdrone_s2024,E3,visdrone,yolov8n_ft,2024,20,640,64.0,0.3245041529225968,0.1820553168546499,0.454487367507528,0.3481873045673903,0.1820553168546499,,2026-08-16T09:33:40,gonenwsortak,2.13.0+cu130,train_treatments.py,0.201,8816.0,29975.0,0.7133941927319646,,,,,,,,,
E3_visdrone_s7,E3,visdrone,yolov8n_ft,7,20,640,64.0,0.328022530344864,0.1844057751667774,0.4535905056316851,0.3528785541874549,0.1844057751667774,,2026-08-16T09:45:59,gonenwsortak,2.13.0+cu130,train_treatments.py,0.201,8778.0,29933.0,0.7140010782460412,,,,,,,,,
E3_visdrone_s3407,E3,visdrone,yolov8n_ft,3407,20,640,64.0,0.3226538897307297,0.1826572677945175,0.4577512169237788,0.3402536038454044,0.1826572677945175,,2026-08-16T09:58:16,gonenwsortak,2.13.0+cu130,train_treatments.py,0.201,8879.0,30043.0,0.7130414428092269,,,,,,,,,
E3_visdrone_s11,E3,visdrone,yolov8n_ft,11,20,640,64.0,0.3274440977025212,0.1854201815357262,0.4557419940807365,0.3495831452716829,0.1854201815357262,,2026-08-16T10:10:35,gonenwsortak,2.13.0+cu130,train_treatments.py,0.201,8852.0,29974.0,0.7147621951165697,,,,,,,,,
E3_visdrone_s55,E3,visdrone,yolov8n_ft,55,20,640,64.0,0.3318912717707828,0.187452012483792,0.4762805657812308,0.3483091975834934,0.187452012483792,,2026-08-16T10:22:54,gonenwsortak,2.13.0+cu130,train_treatments.py,0.201,8868.0,29889.0,0.7149781264536113,,,,,,,,,
E3_visdrone_s101,E3,visdrone,yolov8n_ft,101,20,640,64.0,0.3301701080730432,0.1856637845904731,0.4643642430057911,0.3489154578236314,0.1856637845904731,,2026-08-16T10:35:12,gonenwsortak,2.13.0+cu130,train_treatments.py,0.201,8853.0,29977.0,0.7136407514137156,,,,,,,,,
E3_visdrone_s777,E3,visdrone,yolov8n_ft,777,20,640,64.0,0.3258802817318761,0.1844108617071505,0.4522796244748928,0.3488152061370217,0.1844108617071505,,2026-08-16T10:47:32,gonenwsortak,2.13.0+cu130,train_treatments.py,0.201,8820.0,29972.0,0.711543145904195,,,,,,,,,
E3_visdrone_s12345,E3,visdrone,yolov8n_ft,12345,20,640,64.0,0.3266450595198835,0.1830489594855708,0.4567639096466941,0.3467292757203205,0.1830489594855708,,2026-08-16T10:59:51,gonenwsortak,2.13.0+cu130,train_treatments.py,0.201,8834.0,29914.0,0.7127180352101964,,,,,,,,,
E4_visdrone_s42,E4,visdrone,yolov8n_ft,42,20,640,64.0,0.3301959341059215,0.1844160024967686,0.4509552118133415,0.356170857167647,0.1844160024967686,,2026-08-16T11:12:10,gonenwsortak,2.13.0+cu130,train_treatments.py,0.201,9464.0,30116.0,0.6971039308497993,,,,,,,,,
E4_visdrone_s123,E4,visdrone,yolov8n_ft,123,20,640,64.0,0.3290481540593102,0.1852082011758354,0.4549387990432071,0.3538223390330269,0.1852082011758354,,2026-08-16T11:24:29,gonenwsortak,2.13.0+cu130,train_treatments.py,0.201,9468.0,30123.0,0.6977034948725311,,,,,,,,,
E4_visdrone_s2024,E4,visdrone,yolov8n_ft,2024,20,640,64.0,0.3248607569304833,0.1820919332002916,0.4649619792650686,0.3431230580616546,0.1820919332002916,,2026-08-16T11:36:48,gonenwsortak,2.13.0+cu130,train_treatments.py,0.201,9329.0,29975.0,0.6973071569082298,,,,,,,,,
E4_visdrone_s7,E4,visdrone,yolov8n_ft,7,20,640,64.0,0.3280855979318191,0.1846350952854044,0.4544313386781481,0.3510556093622426,0.1846350952854044,,2026-08-16T11:49:08,gonenwsortak,2.13.0+cu130,train_treatments.py,0.201,9342.0,29933.0,0.6969993230337455,,,,,,,,,
E4_visdrone_s3407,E4,visdrone,yolov8n_ft,3407,20,640,64.0,0.3216239283201983,0.1823120033058191,0.4588380790462328,0.3379970262513224,0.1823120033058191,,2026-08-16T12:01:27,gonenwsortak,2.13.0+cu130,train_treatments.py,0.201,9372.0,30043.0,0.696929892565621,,,,,,,,,
E4_visdrone_s11,E4,visdrone,yolov8n_ft,11,20,640,64.0,0.3292619892480455,0.1862371157333014,0.462916353782726,0.3495375648446994,0.1862371157333014,,2026-08-16T12:13:48,gonenwsortak,2.13.0+cu130,train_treatments.py,0.201,9368.0,29974.0,0.6978353733287521,,,,,,,,,
E4_visdrone_s55,E4,visdrone,yolov8n_ft,55,20,640,64.0,0.3318510774045528,0.1868741981311638,0.4758482930992349,0.35100536865864,0.1868741981311638,,2026-08-16T12:26:08,gonenwsortak,2.13.0+cu130,train_treatments.py,0.201,9094.0,29889.0,0.6973160155820458,,,,,,,,,
E4_visdrone_s101,E4,visdrone,yolov8n_ft,101,20,640,64.0,0.3302762401868226,0.1859661474281874,0.4624344572350732,0.3510971262628173,0.1859661474281874,,2026-08-16T12:38:28,gonenwsortak,2.13.0+cu130,train_treatments.py,0.201,9650.0,29977.0,0.6976569836868524,,,,,,,,,
E4_visdrone_s777,E4,visdrone,yolov8n_ft,777,20,640,64.0,0.3259054375947527,0.1850493115907969,0.4558757924861112,0.3456320075850839,0.1850493115907969,,2026-08-16T12:50:48,gonenwsortak,2.13.0+cu130,train_treatments.py,0.201,9404.0,29972.0,0.6955120390093311,,,,,,,,,
E4_visdrone_s12345,E4,visdrone,yolov8n_ft,12345,20,640,64.0,0.3249763651476412,0.1824899393559046,0.4568428963608426,0.3465868790108992,0.1824899393559046,,2026-08-16T13:03:17,gonenwsortak,2.13.0+cu130,train_treatments.py,0.204,9271.0,29914.0,0.697635140828929,,,,,,,,,
E5_visdrone_s42,E5,visdrone,yolov8n_ft,42,20,640,64.0,0.3304652341097639,0.1851779373750841,0.4537382519280924,0.3565430637079195,0.1851779373750841,,2026-08-16T13:15:45,gonenwsortak,2.13.0+cu130,train_treatments.py,0.204,9331.0,30112.0,0.7040043615116949,,,,,,,,,
E5_visdrone_s123,E5,visdrone,yolov8n_ft,123,20,640,64.0,0.329358296615505,0.1852925609344272,0.4598410038182385,0.3556950451941049,0.1852925609344272,,2026-08-16T13:28:15,gonenwsortak,2.13.0+cu130,train_treatments.py,0.204,9487.0,30112.0,0.7046010124051333,,,,,,,,,
E5_visdrone_s2024,E5,visdrone,yolov8n_ft,2024,20,640,64.0,0.3255810098542896,0.1825849501730556,0.4541961409012144,0.3488090759131019,0.1825849501730556,,2026-08-16T13:40:43,gonenwsortak,2.13.0+cu130,train_treatments.py,0.204,9017.0,29964.0,0.7027586401467367,,,,,,,,,
E5_visdrone_s7,E5,visdrone,yolov8n_ft,7,20,640,64.0,0.3298262216890429,0.1855541951140003,0.4571237809824372,0.3519816632030838,0.1855541951140003,,2026-08-16T13:53:12,gonenwsortak,2.13.0+cu130,train_treatments.py,0.204,8992.0,29925.0,0.7032095478098588,,,,,,,,,
E5_visdrone_s3407,E5,visdrone,yolov8n_ft,3407,20,640,64.0,0.3239013620307944,0.1819906580745667,0.4495840152208645,0.3448914301138931,0.1819906580745667,,2026-08-16T14:05:41,gonenwsortak,2.13.0+cu130,train_treatments.py,0.204,9146.0,30037.0,0.704595102409865,,,,,,,,,
E5_visdrone_s11,E5,visdrone,yolov8n_ft,11,20,640,64.0,0.3290707013084445,0.1862599244326609,0.4628667890590151,0.3503862811304351,0.1862599244326609,,2026-08-16T14:18:09,gonenwsortak,2.13.0+cu130,train_treatments.py,0.204,9165.0,29969.0,0.7046299877676623,,,,,,,,,
E5_visdrone_s55,E5,visdrone,yolov8n_ft,55,20,640,64.0,0.3329348821821034,0.1875538242366107,0.4730515217608516,0.3527094380475883,0.1875538242366107,,2026-08-16T14:30:37,gonenwsortak,2.13.0+cu130,train_treatments.py,0.203,8938.0,29884.0,0.7022091858497427,,,,,,,,,
E5_visdrone_s101,E5,visdrone,yolov8n_ft,101,20,640,64.0,0.3310731017589944,0.1862044246403167,0.4639448388072168,0.3515833532833045,0.1862044246403167,,2026-08-16T14:43:05,gonenwsortak,2.13.0+cu130,train_treatments.py,0.204,9259.0,29973.0,0.7036804139890916,,,,,,,,,
E5_visdrone_s777,E5,visdrone,yolov8n_ft,777,20,640,64.0,0.3256816527323432,0.1844861358548902,0.4596577228864588,0.3436486607152848,0.1844861358548902,,2026-08-16T14:55:34,gonenwsortak,2.13.0+cu130,train_treatments.py,0.204,9091.0,29963.0,0.7009677754784952,,,,,,,,,
E5_visdrone_s12345,E5,visdrone,yolov8n_ft,12345,20,640,64.0,0.3266825234262477,0.1836729896410058,0.4679691658987425,0.3437995031345053,0.1836729896410058,,2026-08-16T15:08:04,gonenwsortak,2.13.0+cu130,train_treatments.py,0.204,9021.0,29903.0,0.7031848646560802,,,,,,,,,
F3_visdrone_s42,F3,visdrone,yolov8n_scratch,42,200,640,64.0,0.3283003231713182,0.184279302970548,0.4520931088227387,0.3506950810282699,0.184279302970548,,2026-08-16T17:31:43,gonenwsortak,2.13.0+cu130,train_scratch.py,1.494,8815.0,,0.7133758042931083,,,,,,,,,
F5_visdrone_s42,F5,visdrone,yolov8n_scratch,42,200,640,64.0,0.3319050771088067,0.1861720034548634,0.4635818235689866,0.353530366448405,0.1861720034548634,,2026-08-16T19:29:07,gonenwsortak,2.13.0+cu130,train_scratch.py,1.953,9331.0,,0.7040043615116949,,,,,,,,,
F3_visdrone_s123,F3,visdrone,yolov8n_scratch,123,200,640,64.0,0.3294076212112687,0.1857775047630545,0.4728056042227742,0.3422397568878761,0.1857775047630545,,2026-08-16T21:25:00,gonenwsortak,2.13.0+cu130,train_scratch.py,1.927,8902.0,,0.7143130142804988,,,,,,,,,
F5_visdrone_s123,F5,visdrone,yolov8n_scratch,123,200,640,64.0,0.3284432341472676,0.1845380078468548,0.4652304131570043,0.348110517989367,0.1845380078468548,,2026-08-16T22:59:36,gonenwsortak,2.13.0+cu130,train_scratch.py,1.573,9487.0,,0.7046010124051333,,,,,,,,,
F3_visdrone_s2024,F3,visdrone,yolov8n_scratch,2024,200,640,64.0,0.3322668489637493,0.186155129435505,0.4640127563577284,0.3516288772667942,0.186155129435505,,2026-08-17T00:27:53,gonenwsortak,2.13.0+cu130,train_scratch.py,1.467,8816.0,,0.7133941927319646,,,,,,,,,
F5_visdrone_s2024,F5,visdrone,yolov8n_scratch,2024,200,640,64.0,0.3325488920219107,0.1868813966393607,0.4583751762403459,0.3561611017184031,0.1868813966393607,,2026-08-17T02:01:44,gonenwsortak,2.13.0+cu130,train_scratch.py,1.56,9017.0,,0.7027586401467367,,,,,,,,,
F5b15_visdrone_s42,F5b15,visdrone,yolov8n_scratch,42,200,640,64.0,0.3313423271523915,0.1861491586235436,0.455437959253503,0.355233497574352,0.1861491586235436,,2026-08-17T04:35:30,gonenwsortak,2.13.0+cu130,train_scratch.py,1.541,22874.0,,0.6989391207163428,,,,,,,,,
F5b30_visdrone_s42,F5b30,visdrone,yolov8n_scratch,42,200,640,64.0,0.3178952722611115,0.1786356628614062,0.4470345084619005,0.3364802362294953,0.1786356628614062,,2026-08-17T06:10:33,gonenwsortak,2.13.0+cu130,train_scratch.py,1.58,32771.0,,0.696291871111749,,,,,,,,,
R960_visdrone_s42,R960,visdrone,yolov8n.pt,42,200,960,16.0,0.4301563027989009,0.2542556235768706,0.5568010616376755,0.432023927197833,,,2026-08-19T07:49:24,gonenwsortak,2.13.0+cu130,train_resolution.py,3.62,,,,5.327603086421732,187.70167067225103,73.85987999999999,6.7620823392644525,0.3934961246507387,0.1576963568222709,39.5255,34.33437999999999,0.1829199488583765
R1280_visdrone_s42,R1280,visdrone,yolov8n.pt,42,200,1280,8.0,0.4875518285686867,0.2974650378431549,0.5980669207773909,0.4754344583501153,,,2026-08-19T19:54:41,gonenwsortak,2.13.0+cu130,train_resolution.py,5.17,,,,6.488475811725948,154.11940015138902,87.62386999999998,8.509625910664905,0.5685453610248188,0.1300616192747838,39.246,48.37786999999999,0.3138986393178223
S640_visdrone_s42,S640,visdrone,yolov8s.pt,42,200,640,32.0,0.387811079226138,0.2228929589006343,0.5306997732191103,0.3989821779029951,,,2026-08-19T21:40:40,gonenwsortak,2.13.0+cu130,train_resolution.py,1.76,,,,5.189774001482874,192.68661789786407,91.83432,9.149296925170344,0.4765993663798586,0.1358059088233858,42.2,49.63431999999999,0.2575909035172813
S960_visdrone_s42,S960,visdrone,yolov8s.pt,42,200,960,12.0,0.4897056080938466,0.2948594032140113,0.6093809938055669,0.4813777502627506,,,2026-08-20T00:41:07,gonenwsortak,2.13.0+cu130,train_resolution.py,2.96,,,,5.366320169647224,186.3474351858769,129.05214,6.781326388590968,0.6925351018181374,0.153207415190991,41.1025,87.94964000000002,0.4719659270452123
P640_visdrone_s42,P640,visdrone,yolov8-p2,42,200,640,24.0,0.3587031739382199,0.2087881221000521,0.4900700860640068,0.370400719551565,,,2026-08-20T05:52:12,gonenwsortak,2.13.0+cu130,train_resolution.py,5.18,,,,5.497511657595169,181.9004783042952,65.41112999999999,6.249521739664487,0.359598449711473,0.0910405300091952,44.235,21.176129999999983,0.1164160215377507
P960_visdrone_s42,P960,visdrone,yolov8-p2,42,200,960,8.0,0.4428763591474478,0.2660439598450458,0.5437162912347148,0.4447157867742298,,,2026-08-20T17:00:06,gonenwsortak,2.13.0+cu130,train_resolution.py,11.1,,,,5.93566884327447,168.47301060824344,97.65663000000002,6.861386488890275,0.5796574160301831,0.121676952287089,39.7255,57.93113000000002,0.3438600033966831
R960_visdrone_s123,R960,visdrone,yolov8n.pt,123,200,960,16.0,0.429199939218274,0.2546665223157128,0.5535396924384697,0.4257318134772815,,,2026-08-21T05:30:00,gonenwsortak,2.13.0+cu130,train_resolution.py,2.78,,,,5.187534541706555,192.769800752214,70.89415000000001,6.2000570265809065,0.3677658519299258,0.0424467524280771,39.5255,31.36865000000001,0.1627259554017033
R1280_visdrone_s123,R1280,visdrone,yolov8n.pt,123,200,1280,8.0,0.4912510357735852,0.2991448348724626,0.5985792149806587,0.4844777811926426,,,2026-08-21T10:37:44,gonenwsortak,2.13.0+cu130,train_resolution.py,5.09,,,,6.509429050318431,153.62330432821625,85.80707000000001,8.824407742940814,0.5585550341807073,0.0447346686851233,39.246,46.561070000000015,0.3030859816719101
S640_visdrone_s123,S640,visdrone,yolov8s.pt,123,200,640,32.0,0.390877571312215,0.2249087986622815,0.5307200853871029,0.4001068868226743,,,2026-08-21T12:32:18,gonenwsortak,2.13.0+cu130,train_resolution.py,1.9,,,,4.984931778744794,200.6045507511037,91.31414,5.949379663798027,0.4551947583347511,0.3178063996019773,42.2,49.11413999999999,0.2448306372717208
S960_visdrone_s123,S960,visdrone,yolov8s.pt,123,200,960,12.0,0.4902964594317266,0.2961876033643906,0.6032554434454023,0.4909433657295207,,,2026-08-21T16:12:50,gonenwsortak,2.13.0+cu130,train_resolution.py,3.6,,,,5.186706796637736,192.80056483012427,130.12867000000003,6.059567281045019,0.6749392571264292,0.0118361646309494,41.1025,89.02617000000004,0.4617526410176267
P640_visdrone_s123,P640,visdrone,yolov8-p2,123,200,640,24.0,0.3547467059190685,0.2067760367147404,0.4816065310065491,0.3661365310896708,,,2026-08-21T20:41:38,gonenwsortak,2.13.0+cu130,train_resolution.py,4.47,,,,5.528298006101977,180.88749899087,67.13702999999998,6.590149883413687,0.3711535090846085,0.2688782478217035,44.235,22.902029999999986,0.1266092467846875
P960_visdrone_s123,P960,visdrone,yolov8-p2,123,200,960,8.0,0.4424538937723504,0.2681128585491826,0.55024750550867,0.4426341276680823,,,2026-08-22T07:55:13,gonenwsortak,2.13.0+cu130,train_resolution.py,11.18,,,,5.9843415708164684,167.10276112524204,94.11431999999996,7.35325903224293,0.5632122375851236,0.1663890666677616,39.7255,54.38881999999997,0.3254812765136539
R1280_visdrone_s2024,R1280,visdrone,yolov8n.pt,2024,200,1280,8.0,0.4908638792517187,0.2989186857314091,0.5887921204108347,0.4885514129106315,,,2026-08-23T21:21:50,gonenwsortak,2.13.0+cu130,train_resolution.py,6.93,,,,6.489921732805669,154.08506314415726,90.52107,8.284554895362813,0.5874746594698232,0.0446208709618076,39.246,51.27507,0.332771191144132
S640_visdrone_s2024,S640,visdrone,yolov8s.pt,2024,200,640,32.0,0.3866257641631013,0.2239212596847679,0.5278784741506877,0.3948329878583811,,,2026-08-23T23:36:50,gonenwsortak,2.13.0+cu130,train_resolution.py,2.24,,,,5.122145136294421,195.2307038147386,92.45231,6.791831107693718,0.4735541500056841,0.2136569366557523,42.2,50.25231000000001,0.2573996252540595
S960_visdrone_s2024,S960,visdrone,yolov8s.pt,2024,200,960,12.0,0.4877425573098489,0.2942279942993699,0.6083792732072049,0.4756080020330309,,,2026-08-24T02:40:41,gonenwsortak,2.13.0+cu130,train_resolution.py,3.01,,,,5.339981537195854,187.2665650685232,130.07691,6.563775209360755,0.6946082978154867,0.0661444259458221,41.1025,88.97441,0.4751217066828941
P640_visdrone_s2024,P640,visdrone,yolov8-p2,2024,200,640,24.0,0.3557827562420826,0.2075637209484046,0.4848278040167748,0.3723918786688082,,,2026-08-24T07:50:50,gonenwsortak,2.13.0+cu130,train_resolution.py,5.16,,,,5.61799007980153,177.99960231245686,66.67154999999998,6.847236628527752,0.3745601065049915,0.3750818785629235,44.235,22.436549999999983,0.1260483153249709
P960_visdrone_s2024,P960,visdrone,yolov8-p2,2024,200,960,8.0,0.4424791598804045,0.2658512639896753,0.5547594106724004,0.4438912026748106,,,2026-08-24T18:12:00,gonenwsortak,2.13.0+cu130,train_resolution.py,10.32,,,,6.0361540136509575,165.66840371177867,94.72688,7.58907984709367,0.5717860369126325,0.4742797033977695,39.7255,55.00138,0.3319968006433414
R960_visdrone_s2024,R960,visdrone,yolov8n.pt,2024,200,960,16.0,0.4257596686860102,0.2527222439108196,0.5357668539645056,0.432407302525587,,,2026-08-24T23:47:38,gonenwsortak,2.13.0+cu130,train_resolution.py,3.31,,,,5.315664363501128,188.1232394705516,70.18678,6.40962524630595,0.3730893652348937,0.0570965732913464,39.5255,30.66128,0.1629850734353298
R1536_visdrone_s42,R1536,visdrone,yolov8n.pt,42,200,1536,6.0,0.5238199821504195,0.3244218197432848,0.6042266565742684,0.5218979029050737,,,2026-08-25T12:27:59,gonenwsortak,2.13.0+cu130,train_resolution.py,9.7,,,,6.949749547813553,143.89007735028494,109.72576,9.200269926805046,0.7625665509434986,0.2563077077502385,41.6505,68.07526000000001,0.4731060074022902
R1536_visdrone_s123,R1536,visdrone,yolov8n.pt,123,200,1536,4.0,0.5240634904320316,0.3249600843043829,0.6092508913734311,0.5118496828403585,,,2026-08-27T23:21:55,gonenwsortak,2.13.0+cu130,train_resolution.py,8.83,,,,7.113500324601773,140.57776823901133,106.80961999999998,11.470473039662464,0.7597902665405919,0.1876191188348457,41.6505,65.15911999999997,0.4635094212707657
R1536_visdrone_s2024,R1536,visdrone,yolov8n.pt,2024,200,1536,4.0,0.5255054629883874,0.3252817759200597,0.6209875166905209,0.5107657672716895,,,2026-08-28T08:45:14,gonenwsortak,2.13.0+cu130,train_resolution.py,9.29,,,,6.998124604986515,142.8954264814676,108.74552000000004,9.192948037525635,0.7610146991940534,0.1212096099625341,41.6505,67.09502000000003,0.4695393103340626
S1280_visdrone_s123,S1280,visdrone,yolov8,123,121,1280,,0.5393466064020405,0.3335755279296772,0.6456413497225669,0.5212392907283798,,,2026-08-28T21:29:39,gonenwsortak,2.13.0+cu130,finalize_runs.py,,,,,7.28015722084092,137.35967090618567,144.50002,10.489207456703296,1.0519828640146576,0.2652861013193615,43.746,100.75402,0.7335051062317506
S1280_visdrone_s2024,S1280,visdrone,yolov8,2024,121,1280,,0.5439668913357237,0.3368958566771273,0.6298220376896692,0.5350840516092732,,,2026-08-28T21:36:09,gonenwsortak,2.13.0+cu130,finalize_runs.py,,,,,7.415179769508541,134.85849717521785,146.66254999999998,11.024475216981951,1.0875291737045347,0.1850757309002801,43.746,102.91655,0.7631447195076141
S1280_visdrone_s42,S1280,visdrone,yolov8,42,109,1280,,0.5436838232200093,0.3376327928492283,0.6422875162632613,0.5286108597780732,,,2026-08-28T21:44:23,gonenwsortak,2.13.0+cu130,finalize_runs.py,,,,,7.317716363235377,136.65465431593617,148.07495,10.692818925599566,1.0835704846002605,0.146163337805774,43.746,104.32895,0.7634496645741655
R640_uavdt_s42,R640,uavdt,yolov8n.pt,42,200,640,64.0,0.2856304197195924,0.1632187945916808,0.35385901464286,0.3588624220266536,,,2026-09-01T03:20:52,gonenwsortak,2.13.0+cu130,train_resolution.py,0.82,,,,4.712243004876655,212.21316450894184,57.14585999999999,5.640378617681563,0.2692851790426606,0.1917812596075236,37.795,19.35085999999999,0.0911859546733474
R960_uavdt_s42,R960,uavdt,yolov8n.pt,42,200,960,16.0,0.3046051294593854,0.176989711045189,0.4192826315123353,0.362969312603574,,,2026-09-01T05:07:11,gonenwsortak,2.13.0+cu130,train_resolution.py,1.7,,,,5.247857754293364,190.55394540408085,67.34002,6.015112093882635,0.3533908461312701,0.0727986951824277,38.455,28.88502,0.1515844761899188
S640_uavdt_s42,S640,uavdt,yolov8s.pt,42,200,640,32.0,0.2996828965875356,0.1690248063503596,0.3675946297763173,0.396741096353715,,,2026-09-01T08:36:52,gonenwsortak,2.13.0+cu130,train_resolution.py,0.78,,,,4.86380400962662,205.6003897403685,91.90791000000002,5.494191360776311,0.4470220611744026,0.0715317691210657,41.2165,50.69141000000002,0.246553083211627
R640_uavdt_s123,R640,uavdt,yolov8n.pt,123,200,640,64.0,0.2717616386807392,0.1511907720344157,0.3785808535163271,0.3123231268924257,,,2026-09-01T11:14:33,gonenwsortak,2.13.0+cu130,train_resolution.py,1.27,,,,5.017030627292115,199.3210873699088,56.16232,9.388506948016584,0.2817680795397805,0.32162887690356,37.795,18.36732,0.092149406981275
R960_uavdt_s123,R960,uavdt,yolov8n.pt,123,200,960,16.0,0.3191751675776804,0.1829712170097632,0.3912112395556029,0.3700850486520926,,,2026-09-01T12:23:40,gonenwsortak,2.13.0+cu130,train_resolution.py,1.08,,,,5.692853303393349,175.6588386712737,65.43312,9.993798384675756,0.3725011533433334,0.2403544332482852,38.455,26.978120000000004,0.1535824795613422
S640_uavdt_s123,S640,uavdt,yolov8s.pt,123,200,640,32.0,0.2751430220928304,0.1573508803946483,0.3648986084573918,0.3164195021718165,,,2026-09-01T17:12:47,gonenwsortak,2.13.0+cu130,train_resolution.py,0.71,,,,4.8692247595172375,205.37150149937744,89.16868999999998,5.7580956869060165,0.434182393121717,0.1351186641841195,41.2165,47.95218999999999,0.2334899908210748
R640_uavdt_s2024,R640,uavdt,yolov8n.pt,2024,200,640,64.0,0.2570025612944783,0.1409827892483693,0.3423073944775745,0.2895867734902687,,,2026-09-01T19:46:55,gonenwsortak,2.13.0+cu130,train_resolution.py,0.77,,,,4.89810155518353,204.16073222118607,56.97898,9.33692295802757,0.2790888305507712,0.100322931248229,37.795,19.18398,0.0939650822726097
R960_uavdt_s2024,R960,uavdt,yolov8n.pt,2024,200,960,16.0,0.2933557395980511,0.1750587678119846,0.3832972091799074,0.3588089546714526,,,2026-09-01T21:15:29,gonenwsortak,2.13.0+cu130,train_resolution.py,1.4,,,,5.375714633788448,186.02177907930843,66.3153,6.767787283752113,0.356492128654071,0.3044436597265303,38.455,27.860299999999995,0.1497690224117362
S640_uavdt_s2024,S640,uavdt,yolov8s.pt,2024,200,640,32.0,0.3040289514208554,0.1770937140052318,0.4126312951090756,0.373289817140513,,,2026-09-02T00:25:56,gonenwsortak,2.13.0+cu130,train_resolution.py,0.91,,,,4.972005795978475,201.1260728635581,89.55828000000001,6.268121858011,0.4452842872378632,0.0839899078127928,41.2165,48.341780000000014,0.2403556103479164
R1280_uavdt_s123,R1280,uavdt,yolov8,123,83,1280,,0.3204802970795642,0.1877921165645795,0.4045856882728567,0.4128130003009421,,,2026-09-02T03:48:27,gonenwsortak,2.13.0+cu130,finalize_runs.py,,,,,7.801773795275949,128.175979750337,71.91239999999999,10.086305570439425,0.561044277875402,0.1982549856766127,39.509,32.40339999999999,0.2528039969978446
R1280_uavdt_s2024,R1280,uavdt,yolov8,2024,44,1280,,0.325748459916074,0.1907940635177973,0.4121837036718777,0.3858894541303699,,,2026-09-02T03:51:03,gonenwsortak,2.13.0+cu130,finalize_runs.py,,,,,6.326323806832079,158.06968320528512,83.5373,9.67847789288498,0.5284840097484734,0.0801836356404237,39.509,44.0283,0.2785372824643448
R1280_uavdt_s42,R1280,uavdt,yolov8,42,54,1280,,0.3192031279167225,0.190393374314538,0.4345235877086612,0.3760484373490648,,,2026-09-02T03:53:44,gonenwsortak,2.13.0+cu130,finalize_runs.py,,,,,6.304995070153382,158.60440632758068,84.44335999999997,8.885564308729954,0.5324149685071871,0.1700564266066067,39.509,44.93435999999997,0.2833109182804971
S960_uavdt_s123,S960,uavdt,yolov8,123,45,960,,0.3532035763919539,0.2141474455646529,0.4640464456226744,0.4138738394031274,,,2026-09-02T04:04:37,gonenwsortak,2.13.0+cu130,finalize_runs.py,,,,,5.278445242205635,189.4497250827108,122.02691,6.092608912149443,0.6441123625105551,0.0146194921107962,40.8895,81.13741,0.4282793757793879
S960_uavdt_s2024,S960,uavdt,yolov8,2024,50,960,,0.3298237269938133,0.1943855400711463,0.4162056640754781,0.3885413307974406,,,2026-09-02T04:11:44,gonenwsortak,2.13.0+cu130,finalize_runs.py,,,,,5.488145878247451,182.2109000352107,119.49691,7.7923669712617984,0.6558164740798067,0.1458048051572404,40.8895,78.60741000000002,0.4314089331912075
S960_uavdt_s42,S960,uavdt,yolov8,42,33,960,,0.355514794059059,0.194134396676053,0.4418097693076026,0.3891849433081189,,,2026-09-02T04:23:09,gonenwsortak,2.13.0+cu130,finalize_runs.py,,,,,5.312715388310608,188.22766267514857,123.82648999999998,6.115965079516172,0.6578548989034895,0.0828303934540599,40.8895,82.93698999999998,0.4406206230331628
M640_visdrone_s42,M640,visdrone,yolov8m.pt,42,200,640,16.0,0.4266299070931286,0.2512302129884731,0.5483310711248124,0.4344061027039931,,,2026-10-07T02:15:51,gonenwsortak,2.13.0+cu130,train_resolution.py,2.34,,,,6.118765410967171,163.4316619178792,135.64805,7.610507356002927,0.8299985964051455,0.0173134901560843,36.216,99.43205,0.6084013882815583
L640_visdrone_s42,L640,visdrone,yolov8l.pt,42,200,640,8.0,0.4496701349293871,0.2680854838400986,0.5806555507744382,0.4494098693946869,,,2026-10-07T05:35:28,gonenwsortak,2.13.0+cu130,train_resolution.py,3.15,,,,7.882201547734439,126.86810835069643,160.38369999999998,10.039708996191617,1.2641766483713759,0.402266051620245,38.71,121.67369999999997,0.9590566264585756
M640_visdrone_s123,M640,visdrone,yolov8m.pt,123,200,640,16.0,0.4255834377130597,0.2517301062921515,0.5666325816727938,0.4278122340547884,,,2026-10-07T08:15:18,gonenwsortak,2.13.0+cu130,train_resolution.py,2.62,,,,6.264628107659519,159.6263948656966,127.38579,8.434718730859458,0.798024600550413,0.2144398032687604,36.216,91.16979,0.5711448290034158
L640_visdrone_s123,L640,visdrone,yolov8l.pt,123,200,640,8.0,0.4488417274905235,0.2670761911231504,0.5809083911026109,0.4482076788094702,,,2026-10-07T12:31:18,gonenwsortak,2.13.0+cu130,train_resolution.py,4.08,,,,7.81695375405252,127.9270712688524,156.84894999999997,10.101648001000283,1.226080988521696,0.1567196687683463,38.71,118.13894999999997,0.9234867087023226
M640_visdrone_s2024,M640,visdrone,yolov8m.pt,2024,200,640,16.0,0.4235539171904158,0.2510508279461588,0.5622701666870518,0.4322730757951268,,,2026-10-07T16:19:09,gonenwsortak,2.13.0+cu130,train_resolution.py,3.75,,,,6.097428281325847,164.00356902312862,132.62284,7.631572964601218,0.8086582553657528,0.3302674661390483,36.216,96.40684,0.5878337927292558
L640_visdrone_s2024,L640,visdrone,yolov8l.pt,2024,200,640,8.0,0.4435732372843946,0.2664483897261325,0.5682710731226146,0.4603023221533636,,,2026-10-07T21:04:58,gonenwsortak,2.13.0+cu130,train_resolution.py,4.58,,,,7.837550783064216,127.5908798142465,156.10270000000003,10.315531375817951,1.2234628386234387,0.8459267029538751,38.71,117.39270000000002,0.9200712478110228
